key|hi|kn|ta|te|ml|mr|bn|gu|pa|ur|as|or
command|कमांड केंद्र|ನಿಯಂತ್ರಣ ಕೇಂದ್ರ|கட்டுப்பாட்டு மையம்|నియంత్రణ కేంద్రం|നിയന്ത്രണ കേന്ദ്രം|नियंत्रण केंद्र|নিয়ন্ত্রণ কেন্দ্র|નિયંત્રણ કેન્દ્ર|ਕੰਟਰੋਲ ਕੇਂਦਰ|کنٹرول مرکز|নিয়ন্ত্ৰণ কেন্দ্ৰ|ନିୟନ୍ତ୍ରଣ କେନ୍ଦ୍ର
live|लाइव प्रतिक्रिया|ನೇರ ಪ್ರತಿಕ್ರಿಯೆ|நேரடி நடவடிக்கை|ప్రత్యక్ష స్పందన|തത്സമയ പ്രതികരണം|थेट प्रतिसाद|সরাসরি প্রতিক্রিয়া|જીવંત પ્રતિસાદ|ਸਿੱਧੀ ਕਾਰਵਾਈ|براہ راست ردعمل|পোনপটীয়া সঁহাৰি|ସିଧାସଳଖ ପ୍ରତିକ୍ରିୟା
simulation|स्थानीय सिमुलेशन|ಸ್ಥಳೀಯ ಅನುಕರಣೆ|உள்ளூர் ஒத்திகை|స్థానిక అనుకరణ|പ്രാദേശിക അനുകരണം|स्थानिक अनुकरण|স্থানীয় অনুকরণ|સ્થાનિક અનુકરણ|ਸਥਾਨਕ ਸਿਮੂਲੇਸ਼ਨ|مقامی مشق|স্থানীয় অনুকৰণ|ସ୍ଥାନୀୟ ଅନୁକରଣ
fictional|काल्पनिक डेटा|ಕಾಲ್ಪನಿಕ ದತ್ತಾಂಶ|கற்பனைத் தரவு|కల్పిత డేటా|സാങ്കൽപ്പിക വിവരങ്ങൾ|काल्पनिक माहिती|কাল্পনিক তথ্য|કાલ્પનિક માહિતી|ਕਾਲਪਨਿਕ ਡਾਟਾ|فرضی معلومات|কাল্পনিক তথ্য|କାଳ୍ପନିକ ତଥ୍ୟ
operational|कार्यरत|ಕಾರ್ಯನಿರತ|செயல்பாட்டில்|పనిచేస్తోంది|പ്രവർത്തനക്ഷമം|कार्यरत|কার্যকর|કાર્યરત|ਕਾਰਜਸ਼ੀਲ|فعال|কাৰ্যক্ষম|କାର୍ଯ୍ୟକ୍ଷମ
sync|अंतिम सिंक|ಕೊನೆಯ ನವೀಕರಣ|கடைசி ஒத்திசைவு|చివరి సమకాలీకరణ|അവസാന സമന്വയം|शेवटचे समक्रमण|শেষ সমন্বয়|છેલ્લું સમન્વયન|ਆਖਰੀ ਸਮਕਾਲੀਕਰਨ|آخری ہم آہنگی|শেষ সমন্বয়|ଶେଷ ସମନ୍ୱୟ
language|भाषा|ಭಾಷೆ|மொழி|భాష|ഭാഷ|भाषा|ভাষা|ભાષા|ਭਾਸ਼ਾ|زبان|ভাষা|ଭାଷା
overview|अवलोकन|ಅವಲೋಕನ|கண்ணோட்டம்|అవలోకనం|അവലോകനം|आढावा|সারসংক্ষেপ|ઝાંખી|ਸੰਖੇਪ|جائزہ|অৱলোকন|ସମୀକ୍ଷା
incidents|घटनाएँ|ಘಟನೆಗಳು|சம்பவங்கள்|ఘటనలు|സംഭവങ്ങൾ|घटना|ঘটনাসমূহ|ઘટનાઓ|ਘਟਨਾਵਾਂ|واقعات|ঘটনাসমূহ|ଘଟଣାଗୁଡ଼ିକ
resources|संसाधन|ಸಂಪನ್ಮೂಲಗಳು|வளங்கள்|వనరులు|വിഭവങ്ങൾ|संसाधने|সম্পদ|સંસાધનો|ਸਰੋਤ|وسائل|সম্পদ|ସମ୍ବଳ
audit|ऑडिट रिकॉर्ड|ಲೆಕ್ಕಪರಿಶೋಧನಾ ದಾಖಲೆ|தணிக்கைப் பதிவு|ఆడిట్ రికార్డు|ഓഡിറ്റ് രേഖ|लेखापरीक्षण नोंद|নিরীক্ষা নথি|ઑડિટ નોંધ|ਆਡਿਟ ਰਿਕਾਰਡ|آڈٹ ریکارڈ|নিৰীক্ষণ নথি|ଅଡିଟ୍ ରେକର୍ଡ
critical|अति गंभीर|ಅತಿ ಗಂಭೀರ|மிகத் தீவிரம்|అత్యంత తీవ్రం|അതീവ ഗുരുതരം|अति गंभीर|অতি গুরুতর|અતિ ગંભીર|ਅਤਿ ਗੰਭੀਰ|انتہائی سنگین|অতি গুৰুতৰ|ଅତି ଗୁରୁତର
high|उच्च|ಹೆಚ್ಚು|உயர்|అధికం|ഉയർന്നത്|उच्च|উচ্চ|ઉચ્ચ|ਉੱਚ|زیادہ|উচ্চ|ଉଚ୍ଚ
moderate|मध्यम|ಮಧ್ಯಮ|மிதமான|మధ్యస్థం|മിതമായത്|मध्यम|মাঝারি|મધ્યમ|ਦਰਮਿਆਨਾ|درمیانہ|মধ্যম|ମଧ୍ୟମ
active|सक्रिय|ಸಕ್ರಿಯ|செயலில்|క్రియాశీలం|സജീവം|सक्रिय|সক্রিয়|સક્રિય|ਸਰਗਰਮ|سرگرم|সক্ৰিয়|ସକ୍ରିୟ
available|उपलब्ध|ಲಭ್ಯ|கிடைக்கிறது|అందుబాటులో|ലഭ്യമാണ്|उपलब्ध|উপলব্ধ|ઉપલબ્ધ|ਉਪਲਬਧ|دستیاب|উপলব্ধ|ଉପଲବ୍ଧ
ambulance|एम्बुलेंस|ಆಂಬುಲೆನ್ಸ್|ஆம்புலன்ஸ்|అంబులెన్స్|ആംബുലൻസ്|रुग्णवाहिका|অ্যাম্বুল্যান্স|એમ્બ્યુલન્સ|ਐਂਬੂਲੈਂਸ|ایمبولینس|এম্বুলেন্স|ଆମ୍ବୁଲାନ୍ସ
rescue|बचाव दल|ರಕ್ಷಣಾ ತಂಡ|மீட்புக் குழு|రక్షణ బృందం|രക്ഷാസംഘം|बचाव पथक|উদ্ধার দল|બચાવ ટીમ|ਬਚਾਅ ਟੀਮ|امدادی ٹیم|উদ্ধাৰ দল|ଉଦ୍ଧାର ଦଳ
hospital|अस्पताल|ಆಸ್ಪತ್ರೆ|மருத்துவமனை|ఆసుపత్రి|ആശുപത്രി|रुग्णालय|হাসপাতাল|હોસ્પિટલ|ਹਸਪਤਾਲ|ہسپتال|চিকিৎসালয়|ଡାକ୍ତରଖାନା
shelter|आश्रय|ಆಶ್ರಯ|தங்குமிடம்|ఆశ్రయం|അഭയകേന്ദ്രം|निवारा|আশ্রয়|આશ્રય|ਆਸਰਾ|پناہ گاہ|আশ্ৰয়|ଆଶ୍ରୟ
map|परिचालन मानचित्र|ಕಾರ್ಯಾಚರಣೆಯ ನಕ್ಷೆ|செயல்பாட்டு வரைபடம்|కార్యాచరణ పటం|പ്രവർത്തന ഭൂപടം|कार्यवाही नकाशा|কার্যক্রমের মানচিত্র|કાર્યકારી નકશો|ਕਾਰਵਾਈ ਦਾ ਨਕਸ਼ਾ|عملی نقشہ|কাৰ্যকলাপৰ মানচিত্ৰ|କାର୍ଯ୍ୟକଳାପ ମାନଚିତ୍ର
recenter|मानचित्र केंद्रित करें|ನಕ್ಷೆ ಕೇಂದ್ರೀಕರಿಸಿ|வரைபடத்தை மையப்படுத்து|పటాన్ని కేంద్రీకరించు|ഭൂപടം കേന്ദ്രീകരിക്കുക|नकाशा केंद्रित करा|মানচিত্র কেন্দ্রীভূত করুন|નકશો કેન્દ્રિત કરો|ਨਕਸ਼ਾ ਕੇਂਦਰਿਤ ਕਰੋ|نقشہ مرکز میں لائیں|মানচিত্ৰ কেন্দ্ৰীভূত কৰক|ମାନଚିତ୍ର କେନ୍ଦ୍ରିତ କରନ୍ତୁ
legend|चिह्नों का अर्थ|ಚಿಹ್ನೆಗಳ ಅರ್ಥ|குறியீட்டு விளக்கம்|సంకేతాల వివరణ|ചിഹ്നങ്ങളുടെ അർത്ഥം|चिन्हांचा अर्थ|চিহ্নের অর্থ|ચિહ્નોનો અર્થ|ਚਿੰਨ੍ਹਾਂ ਦਾ ਅਰਥ|علامات کی وضاحت|চিহ্নৰ অৰ্থ|ଚିହ୍ନର ଅର୍ଥ
search|खोजें|ಹುಡುಕಿ|தேடு|వెతుకు|തിരയുക|शोधा|খুঁজুন|શોધો|ਖੋਜੋ|تلاش کریں|বিচাৰক|ଖୋଜନ୍ତୁ
all|सभी|ಎಲ್ಲಾ|அனைத்தும்|అన్నీ|എല്ലാം|सर्व|সব|બધા|ਸਾਰੇ|سب|সকলো|ସମସ୍ତ
priority|प्राथमिकता|ಆದ್ಯತೆ|முன்னுரிமை|ప్రాధాన్యత|മുൻഗണന|प्राधान्य|অগ্রাধিকার|પ્રાથમિકતા|ਤਰਜੀਹ|ترجیح|অগ্ৰাধিকাৰ|ପ୍ରାଥମିକତା
people|लोग|ಜನರು|மக்கள்|ప్రజలు|ആളുകൾ|लोक|মানুষ|લોકો|ਲੋਕ|افراد|মানুহ|ଲୋକ
severity|गंभीरता|ತೀವ್ರತೆ|தீவிரம்|తీవ్రత|തീവ്രത|तीव्रता|তীব্রতা|ગંભીરતા|ਗੰਭੀਰਤਾ|شدت|তীব্ৰতা|ଗମ୍ଭୀରତା
confidence|विश्वसनीयता|ವಿಶ್ವಾಸಮಟ್ಟ|நம்பகத்தன்மை|విశ్వసనీయత|വിശ്വാസ്യത|विश्वासार्हता|বিশ্বাসযোগ্যতা|વિશ્વસનીયતા|ਭਰੋਸਾ|اعتماد|বিশ্বাসযোগ্যতা|ବିଶ୍ୱସନୀୟତା
needs|ज़रूरतें|ಅಗತ್ಯಗಳು|தேவைகள்|అవసరాలు|ആവശ്യങ്ങൾ|गरजा|প্রয়োজন|જરૂરિયાતો|ਲੋੜਾਂ|ضروریات|প্ৰয়োজন|ଆବଶ୍ୟକତା
vulnerabilities|विशेष सहायता|ವಿಶೇಷ ನೆರವು|சிறப்பு உதவி|ప్రత్యేక సహాయం|പ്രത്യേക സഹായം|विशेष मदत|বিশেষ সহায়তা|વિશેષ સહાય|ਵਿਸ਼ੇਸ਼ ਸਹਾਇਤਾ|خصوصی مدد|বিশেষ সহায়|ବିଶେଷ ସହାୟତା
location|स्थान|ಸ್ಥಳ|இடம்|ప్రాంతం|സ്ഥലം|ठिकाण|স্থান|સ્થળ|ਸਥਾਨ|مقام|স্থান|ସ୍ଥାନ
type|प्रकार|ವಿಧ|வகை|రకం|തരം|प्रकार|ধরন|પ્રકાર|ਕਿਸਮ|قسم|প্ৰকাৰ|ପ୍ରକାର
status|स्थिति|ಸ್ಥಿತಿ|நிலை|స్థితి|സ്ഥിതി|स्थिती|অবস্থা|સ્થિતિ|ਸਥਿਤੀ|حالت|অৱস্থা|ସ୍ଥିତି
original|मूल रिपोर्ट|ಮೂಲ ವರದಿ|அசல் அறிக்கை|అసలు నివేదిక|യഥാർത്ഥ റിപ്പോർട്ട്|मूळ अहवाल|মূল প্রতিবেদন|મૂળ અહેવાલ|ਅਸਲ ਰਿਪੋਰਟ|اصل رپورٹ|মূল প্ৰতিবেদন|ମୂଳ ରିପୋର୍ଟ
structured|संरचित घटना|ರಚನಾತ್ಮಕ ಘಟನೆ|கட்டமைக்கப்பட்ட சம்பவம்|నిర్మాణాత్మక ఘటన|ക്രമീകരിച്ച സംഭവം|संरचित घटना|কাঠামোবদ্ধ ঘটনা|સંરચિત ઘટના|ਸੰਗਠਿਤ ਘਟਨਾ|منظم واقعہ|গাঁথনিবদ্ধ ঘটনা|ସଂରଚିତ ଘଟଣା
translation|अनुवाद|ಅನುವಾದ|மொழிபெயர்ப்பு|అనువాదం|പരിഭാഷ|भाषांतर|অনুবাদ|અનુવાદ|ਅਨੁਵਾਦ|ترجمہ|অনুবাদ|ଅନୁବାଦ
merged|रिपोर्टें जोड़ी गईं|ವರದಿಗಳನ್ನು ವಿಲೀನಗೊಳಿಸಲಾಗಿದೆ|அறிக்கைகள் இணைக்கப்பட்டன|నివేదికలు విలీనం అయ్యాయి|റിപ്പോർട്ടുകൾ ലയിപ്പിച്ചു|अहवाल एकत्र केले|প্রতিবেদন একত্রিত|અહેવાલો જોડ્યા|ਰਿਪੋਰਟਾਂ ਜੋੜੀਆਂ|رپورٹیں یکجا کی گئیں|প্ৰতিবেদন একত্ৰিত|ରିପୋର୍ଟ ଏକତ୍ରିତ
flood|बाढ़ बचाव|ಪ್ರವಾಹ ರಕ್ಷಣೆ|வெள்ள மீட்பு|వరద రక్షణ|വെള്ളപ്പൊക്ക രക്ഷാപ്രവർത്തനം|पूर बचाव|বন্যা উদ্ধার|પૂર બચાવ|ਹੜ੍ਹ ਬਚਾਅ|سیلاب سے بچاؤ|বান উদ্ধাৰ|ବନ୍ୟା ଉଦ୍ଧାର
medical|चिकित्सा आपातकाल|ವೈದ್ಯಕೀಯ ತುರ್ತು|மருத்துவ அவசரம்|వైద్య అత్యవసరం|വൈദ്യ അടിയന്തരാവസ്ഥ|वैद्यकीय आणीबाणी|চিকিৎসা জরুরি অবস্থা|તબીબી કટોકટી|ਡਾਕਟਰੀ ਐਮਰਜੈਂਸੀ|طبی ہنگامی حالت|চিকিৎসা জৰুৰী অৱস্থা|ଚିକିତ୍ସା ଜରୁରୀକାଳ
 evacuation|निकासी|ಸ್ಥಳಾಂತರ|வெளியேற்றம்|తరలింపు|ഒഴിപ്പിക്കൽ|स्थलांतर|স্থানান্তর|સ્થળાંતર|ਨਿਕਾਸੀ|انخلا|স্থানান্তৰ|ସ୍ଥାନାନ୍ତର
landslide|सड़क पर मलबा|ರಸ್ತೆಯ ಅವಶೇಷ|சாலை இடிபாடுகள்|రోడ్డు శిథిలాలు|റോഡിലെ അവശിഷ്ടങ്ങൾ|रस्त्यावरील ढिगारा|রাস্তায় ধ্বংসাবশেষ|રસ્તા પર કાટમાળ|ਸੜਕ ਉੱਤੇ ਮਲਬਾ|سڑک پر ملبہ|পথৰ ধ্বংসাৱশেষ|ରାସ୍ତାରେ ଭଗ୍ନାବଶେଷ
supplies|राहत सामग्री|ಪರಿಹಾರ ಸಾಮಗ್ರಿ|நிவாரணப் பொருட்கள்|సహాయ సామగ్రి|ദുരിതാശ്വാസ വസ്തുക്കൾ|मदत साहित्य|ত্রাণ সামগ্রী|રાહત સામગ્રી|ਰਾਹਤ ਸਮੱਗਰੀ|امدادی سامان|সাহায্য সামগ্ৰী|ରିଲିଫ୍ ସାମଗ୍ରୀ
received|प्राप्त|ಸ್ವೀಕರಿಸಲಾಗಿದೆ|பெறப்பட்டது|అందింది|ലഭിച്ചു|प्राप्त|প্রাপ্ত|પ્રાપ્ત|ਪ੍ਰਾਪਤ|موصول|প্ৰাপ্ত|ପ୍ରାପ୍ତ
analyzing|रिपोर्ट का विश्लेषण|ವರದಿ ವಿಶ್ಲೇಷಣೆ|அறிக்கை பகுப்பாய்வு|నివేదిక విశ్లేషణ|റിപ്പോർട്ട് വിശകലനം|अहवालाचे विश्लेषण|প্রতিবেদন বিশ্লেষণ|અહેવાલનું વિશ્લેષણ|ਰਿਪੋਰਟ ਵਿਸ਼ਲੇਸ਼ਣ|رپورٹ کا تجزیہ|প্ৰতিবেদন বিশ্লেষণ|ରିପୋର୍ଟ ବିଶ୍ଳେଷଣ
recommended|अनुशंसित|ಶಿಫಾರಸು|பரிந்துரைக்கப்பட்டது|సిఫార్సు|ശുപാർശ ചെയ്തു|शिफारस केलेले|সুপারিশকৃত|ભલામણ કરેલ|ਸਿਫ਼ਾਰਸ਼ੀ|تجویز کردہ|পৰামৰ্শকৃত|ସୁପାରିଶକୃତ
awaiting|स्वीकृति लंबित|ಅನುಮೋದನೆ ಬಾಕಿ|ஒப்புதலுக்குக் காத்திருப்பு|ఆమోదం పెండింగ్|അംഗീകാരം കാത്തിരിക്കുന്നു|मंजुरी प्रलंबित|অনুমোদনের অপেক্ষা|મંજૂરી બાકી|ਮਨਜ਼ੂਰੀ ਦੀ ਉਡੀਕ|منظوری کا انتظار|অনুমোদনৰ অপেক্ষা|ଅନୁମୋଦନ ଅପେକ୍ଷାରେ
dispatched|रवाना|ರವಾನಿಸಲಾಗಿದೆ|அனுப்பப்பட்டது|పంపబడింది|അയച്ചു|रवाना|পাঠানো হয়েছে|રવાના|ਰਵਾਨਾ|روانہ|প্ৰেৰণ কৰা হৈছে|ପଠାଗଲା
blocked|सड़क अवरुद्ध|ರಸ್ತೆ ತಡೆ|சாலைத் தடை|రోడ్డు అడ్డంకి|റോഡ് തടസ്സം|रस्ता अडथळा|রাস্তা অবরুদ্ধ|રસ્તો અવરોધિત|ਸੜਕ ਬੰਦ|سڑک بند|পথ অৱৰোধ|ରାସ୍ତା ଅବରୋଧ
replanning|पुनः योजना|ಮರುಯೋಜನೆ|மறு திட்டமிடல்|పునః ప్రణాళిక|പുനരാസൂത്രണം|पुनर्नियोजन|পুনঃপরিকল্পনা|પુનઃ આયોજન|ਮੁੜ ਯੋਜਨਾ|دوبارہ منصوبہ بندی|পুনৰ পৰিকল্পনা|ପୁନଃ ଯୋଜନା
resolved|समाधान हुआ|ಪರಿಹರಿಸಲಾಗಿದೆ|தீர்க்கப்பட்டது|పరిష్కరించబడింది|പരിഹരിച്ചു|निराकरण झाले|সমাধান হয়েছে|ઉકેલાયું|ਹੱਲ ਹੋਇਆ|حل ہو گیا|সমাধান হৈছে|ସମାଧାନ ହେଲା
rejected|अस्वीकृत|ತಿರಸ್ಕರಿಸಲಾಗಿದೆ|நிராகரிக்கப்பட்டது|తిరస్కరించబడింది|നിരസിച്ചു|नाकारले|প্রত্যাখ্যাত|નકારેલ|ਰੱਦ|مسترد|প্ৰত্যাখ্যাত|ପ୍ରତ୍ୟାଖ୍ୟାତ
busy|व्यस्त|ನಿರತ|பணியில்|బిజీ|തിരക്കിലാണ്|व्यस्त|ব্যস্ত|વ્યસ્ત|ਰੁੱਝਿਆ|مصروف|ব্যস্ত|ବ୍ୟସ୍ତ
unavailable|अनुपलब्ध|ಅಲಭ್ಯ|கிடைக்கவில்லை|అందుబాటులో లేదు|ലഭ്യമല്ല|अनुपलब्ध|অনুপলব্ধ|અનુપલબ્ધ|ਅਣਉਪਲਬਧ|دستیاب نہیں|অনুপলব্ধ|ଅନୁପଲବ୍ଧ
capacity|क्षमता|ಸಾಮರ್ಥ್ಯ|கொள்ளளவு|సామర్థ్యం|ശേഷി|क्षमता|ধারণক্ষমতা|ક્ષમતા|ਸਮਰੱਥਾ|گنجائش|ধাৰণক্ষমতা|କ୍ଷମତା
capabilities|सुविधाएँ|ಸೌಲಭ್ಯಗಳು|திறன்கள்|సౌకర్యాలు|സൗകര്യങ്ങൾ|सुविधा|সক্ষমতা|સુવિધાઓ|ਸਹੂਲਤਾਂ|صلاحیتیں|সক্ষমতা|ସୁବିଧା
assignment|आवंटित घटना|ನಿಯೋಜಿತ ಘಟನೆ|ஒதுக்கப்பட்ட சம்பவம்|కేటాయించిన ఘటన|നിയോഗിച്ച സംഭവം|नेमलेली घटना|বরাদ্দকৃত ঘটনা|ફાળવેલ ઘટના|ਸੌਂਪੀ ਘਟਨਾ|تفویض کردہ واقعہ|আবণ্টিত ঘটনা|ଆବଣ୍ଟିତ ଘଟଣା
eta|आगमन समय|ಆಗಮನ ಸಮಯ|வருகை நேரம்|చేరే సమయం|എത്തുന്ന സമയം|आगमन वेळ|পৌঁছানোর সময়|આગમન સમય|ਪਹੁੰਚਣ ਦਾ ਸਮਾਂ|آمد کا وقت|আগমনৰ সময়|ପହଞ୍ଚିବା ସମୟ
distance|दूरी|ದೂರ|தூரம்|దూరం|ദൂരം|अंतर|দূরত্ব|અંતર|ਦੂਰੀ|فاصلہ|দূৰত্ব|ଦୂରତା
minutes|मिनट|ನಿಮಿಷ|நிமிடம்|నిమిషం|മിനിറ്റ്|मिनिटे|মিনিট|મિનિટ|ਮਿੰਟ|منٹ|মিনিট|ମିନିଟ୍
km|किमी|ಕಿಮೀ|கிமீ|కి.మీ|കി.മീ|किमी|কিমি|કિમી|ਕਿਮੀ|کلومیٹر|কিমি|କିମି
als|उन्नत जीवन रक्षक सहायता|ಸುಧಾರಿತ ಜೀವ ರಕ್ಷಣೆ|மேம்பட்ட உயிர் ஆதரவு|అధునాతన ప్రాణ రక్షణ|നൂതന ജീവൻരക്ഷാ സഹായം|प्रगत जीवनरक्षक मदत|উন্নত জীবনরক্ষাকারী সহায়তা|અદ્યતન જીવન રક્ષક સહાય|ਉੱਨਤ ਜੀਵਨ ਰੱਖਿਆ|جدید زندگی بچانے کی سہولت|উন্নত জীৱনৰক্ষক সহায়|ଉନ୍ନତ ଜୀବନରକ୍ଷା ସହାୟତା
bls|बुनियादी जीवन रक्षक सहायता|ಮೂಲ ಜೀವ ರಕ್ಷಣೆ|அடிப்படை உயிர் ஆதரவு|ప్రాథమిక ప్రాణ రక్షణ|അടിസ്ഥാന ജീവൻരക്ഷാ സഹായം|मूलभूत जीवनरक्षक मदत|প্রাথমিক জীবনরক্ষাকারী সহায়তা|મૂળભૂત જીવન રક્ષક સહાય|ਮੁੱਢਲੀ ਜੀਵਨ ਰੱਖਿਆ|بنیادی زندگی بچانے کی سہولت|প্ৰাথমিক জীৱনৰক্ষক সহায়|ମୌଳିକ ଜୀବନରକ୍ଷା ସହାୟତା
water|जल बचाव|ಜಲ ರಕ್ಷಣೆ|நீர் மீட்பு|నీటి రక్షణ|ജല രക്ഷാപ്രവർത്തനം|जल बचाव|জল উদ্ধার|જળ બચાવ|ਪਾਣੀ ਵਿੱਚ ਬਚਾਅ|آبی بچاؤ|জল উদ্ধাৰ|ଜଳ ଉଦ୍ଧାର
firstaid|प्राथमिक उपचार|ಪ್ರಥಮ ಚಿಕಿತ್ಸೆ|முதலுதவி|ప్రథమ చికిత్స|പ്രഥമശുശ്രൂഷ|प्रथमोपचार|প্রাথমিক চিকিৎসা|પ્રાથમિક સારવાર|ਮੁੱਢਲੀ ਸਹਾਇਤਾ|ابتدائی طبی امداد|প্ৰাথমিক চিকিৎসা|ପ୍ରାଥମିକ ଚିକିତ୍ସା
care|आपातकालीन उपचार|ತುರ್ತು ಚಿಕಿತ್ಸೆ|அவசர சிகிச்சை|అత్యవసర చికిత్స|അടിയന്തര ചികിത്സ|आपत्कालीन उपचार|জরুরি চিকিৎসা|કટોકટી સારવાર|ਐਮਰਜੈਂਸੀ ਇਲਾਜ|ہنگامی علاج|জৰুৰী চিকিৎসা|ଜରୁରୀ ଚିକିତ୍ସା
icu|गहन चिकित्सा|ತೀವ್ರ ನಿಗಾ|தீவிர சிகிச்சை|తీవ్ర చికిత్స|തീവ്രപരിചരണം|अतिदक्षता|নিবিড় পরিচর্যা|સઘન સારવાર|ਤੀਬਰ ਦੇਖਭਾਲ|انتہائی نگہداشت|নিবিড় পৰিচৰ্যা|ଗଭୀର ଚିକିତ୍ସା
elderly|बुज़ुर्ग / चलने में असमर्थ|ವೃದ್ಧರು / ಚಲನೆಗೆ ಅಸಮರ್ಥರು|முதியவர் / நடக்க இயலாதவர்|వృద్ధులు / నడవలేనివారు|വയോധികർ / നടക്കാൻ കഴിയാത്തവർ|वृद्ध / चालण्यास असमर्थ|বয়স্ক / চলাচলে অক্ষম|વૃદ્ધ / ચાલવામાં અસમર્થ|ਬਜ਼ੁਰਗ / ਤੁਰਨ ਤੋਂ ਅਸਮਰੱਥ|بزرگ / چلنے سے معذور|বৃদ্ধ / চলাচলত অক্ষম|ବୃଦ୍ଧ / ଚାଲିବାରେ ଅସମର୍ଥ
plan|प्रतिक्रिया योजना|ಪ್ರತಿಕ್ರಿಯೆ ಯೋಜನೆ|நடவடிக்கைத் திட்டம்|స్పందన ప్రణాళిక|പ്രതികരണ പദ്ധതി|प्रतिसाद योजना|প্রতিক্রিয়া পরিকল্পনা|પ્રતિસાદ યોજના|ਕਾਰਵਾਈ ਯੋਜਨਾ|ردعمل کا منصوبہ|সঁহাৰিৰ পৰিকল্পনা|ପ୍ରତିକ୍ରିୟା ଯୋଜନା
why|यह योजना क्यों?|ಈ ಯೋಜನೆ ಏಕೆ?|இந்தத் திட்டம் ஏன்?|ఈ ప్రణాళిక ఎందుకు?|ഈ പദ്ധതി എന്തുകൊണ്ട്?|ही योजना का?|এই পরিকল্পনা কেন?|આ યોજના શા માટે?|ਇਹ ਯੋਜਨਾ ਕਿਉਂ?|یہ منصوبہ کیوں؟|এই পৰিকল্পনা কিয়?|ଏହି ଯୋଜନା କାହିଁକି?
replace|बदलें|ಬದಲಿಸಿ|மாற்று|భర్తీ చేయి|പകരം വയ്ക്കുക|बदला|প্রতিস্থাপন|બદલો|ਬਦਲੋ|تبدیل کریں|সলনি কৰক|ବଦଳାନ୍ତୁ
with|इसके साथ|ಇದರೊಂದಿಗೆ|இதனுடன்|దీనితో|ഇതുപയോഗിച്ച്|यासह|এর সঙ্গে|આની સાથે|ਇਸ ਨਾਲ|اس کے ساتھ|ইয়াৰ সৈতে|ଏହା ସହ
noHigher|उच्च प्राथमिकता का अन्य काम नहीं|ಹೆಚ್ಚಿನ ಆದ್ಯತೆಯ ಬೇರೆ ಕೆಲಸವಿಲ್ಲ|அதிக முன்னுரிமைப் பணி இல்லை|అధిక ప్రాధాన్యత పని లేదు|ഉയർന്ന മുൻഗണനയുള്ള മറ്റൊരു ജോലിയില്ല|अधिक प्राधान्याचे काम नाही|বেশি অগ্রাধিকারের কাজ নেই|વધુ પ્રાથમિકતાનું કામ નથી|ਵੱਧ ਤਰਜੀਹ ਵਾਲਾ ਕੰਮ ਨਹੀਂ|زیادہ ترجیح کا کام نہیں|অধিক অগ্ৰাধিকাৰৰ কাম নাই|ଅଧିକ ପ୍ରାଥମିକତା କାମ ନାହିଁ
continues|मौके पर जारी|ಸ್ಥಳದಲ್ಲಿ ಮುಂದುವರಿಯುತ್ತದೆ|இடத்தில் தொடர்கிறது|స్థలంలో కొనసాగుతుంది|സ്ഥലത്ത് തുടരുന്നു|घटनास्थळी सुरू|ঘটনাস্থলে অব্যাহত|સ્થળ પર ચાલુ|ਮੌਕੇ ਉੱਤੇ ਜਾਰੀ|موقع پر جاری|ঘটনাস্থলীত অব্যাহত|ଘଟଣାସ୍ଥଳରେ ଜାରି
approve|रवानगी स्वीकृत करें|ರವಾನೆಗೆ ಅನುಮೋದಿಸಿ|அனுப்ப ஒப்புதல்|పంపడానికి ఆమోదించు|അയയ്ക്കാൻ അംഗീകരിക്കുക|रवानगी मंजूर करा|পাঠানোর অনুমোদন|રવાનગી મંજૂર કરો|ਰਵਾਨਗੀ ਮਨਜ਼ੂਰ ਕਰੋ|روانگی منظور کریں|প্ৰেৰণ অনুমোদন কৰক|ପଠାଇବା ଅନୁମୋଦନ
modify|संशोधित करें|ತಿದ್ದುಪಡಿ ಮಾಡಿ|திருத்து|సవరించు|മാറ്റം വരുത്തുക|बदल करा|সংশোধন|સુધારો|ਸੋਧੋ|ترمیم کریں|সংশোধন কৰক|ସଂଶୋଧନ
reject|अस्वीकार करें|ತಿರಸ್ಕರಿಸಿ|நிராகரி|తిరస్కరించు|നിരസിക്കുക|नाकारा|প্রত্যাখ্যান|નકારો|ਰੱਦ ਕਰੋ|مسترد کریں|প্ৰত্যাখ্যান কৰক|ପ୍ରତ୍ୟାଖ୍ୟାନ
cancel|रद्द करें|ರದ್ದುಮಾಡಿ|ரத்து|రద్దు|റദ്ദാക്കുക|रद्द करा|বাতিল|રદ કરો|ਰੱਦ|منسوخ کریں|বাতিল কৰক|ବାତିଲ୍
save|बदलाव सहेजें|ಬದಲಾವಣೆ ಉಳಿಸಿ|மாற்றங்களைச் சேமி|మార్పులు భద్రపరచు|മാറ്റങ്ങൾ സംരക്ഷിക്കുക|बदल जतन करा|পরিবর্তন সংরক্ষণ|ફેરફારો સાચવો|ਤਬਦੀਲੀਆਂ ਸੁਰੱਖਿਅਤ ਕਰੋ|تبدیلیاں محفوظ کریں|পৰিৱৰ্তন সংৰক্ষণ|ପରିବର୍ତ୍ତନ ସଞ୍ଚୟ
confirm|पुष्टि करें|ಖಚಿತಪಡಿಸಿ|உறுதிப்படுத்து|నిర్ధారించు|സ്ഥിരീകരിക്കുക|खात्री करा|নিশ্চিত করুন|પુષ્ટિ કરો|ਪੁਸ਼ਟੀ ਕਰੋ|تصدیق کریں|নিশ্চিত কৰক|ନିଶ୍ଚିତ କରନ୍ତୁ
retry|पुनः प्रयास|ಮತ್ತೆ ಪ್ರಯತ್ನಿಸಿ|மீண்டும் முயல்|మళ్లీ ప్రయత్నించు|വീണ്ടും ശ്രമിക്കുക|पुन्हा प्रयत्न|আবার চেষ্টা|ફરી પ્રયાસ|ਮੁੜ ਕੋਸ਼ਿਸ਼|دوبارہ کوشش|পুনৰ চেষ্টা|ପୁନଃ ଚେଷ୍ଟା
close|बंद करें|ಮುಚ್ಚಿ|மூடு|మూసివేయి|അടയ്ക്കുക|बंद करा|বন্ধ করুন|બંધ કરો|ਬੰਦ ਕਰੋ|بند کریں|বন্ধ কৰক|ବନ୍ଦ କରନ୍ତୁ
clear|फ़िल्टर हटाएँ|ಫಿಲ್ಟರ್ ತೆರವುಗೊಳಿಸಿ|வடிகட்டிகளை நீக்கு|వడపోత తొలగించు|ഫിൽറ്ററുകൾ നീക്കുക|फिल्टर काढा|ফিল্টার মুছুন|ફિલ્ટર દૂર કરો|ਫਿਲਟਰ ਹਟਾਓ|فلٹر صاف کریں|ফিল্টাৰ আঁতৰাওক|ଫିଲ୍ଟର ହଟାନ୍ତୁ
reason|कारण (वैकल्पिक)|ಕಾರಣ (ಐಚ್ಛಿಕ)|காரணம் (விருப்பம்)|కారణం (ఐచ్ఛికం)|കാരണം (ഐച്ഛികം)|कारण (ऐच्छिक)|কারণ (ঐচ্ছিক)|કારણ (વૈકલ્પિક)|ਕਾਰਨ (ਵਿਕਲਪਿਕ)|وجہ (اختیاری)|কাৰণ (ঐচ্ছিক)|କାରଣ (ଇଚ୍ଛାଧୀନ)
coverage|एम्बुलेंस और जल बचाव दल चुनें।|ಆಂಬುಲೆನ್ಸ್ ಮತ್ತು ಜಲ ರಕ್ಷಣಾ ತಂಡ ಆಯ್ಕೆಮಾಡಿ.|ஆம்புலன்ஸ் மற்றும் நீர் மீட்புக் குழுவைத் தேர்ந்தெடுக்கவும்.|అంబులెన్స్ మరియు నీటి రక్షణ బృందాన్ని ఎంచుకోండి.|ആംബുലൻസും ജല രക്ഷാസംഘവും തിരഞ്ഞെടുക്കുക.|रुग्णवाहिका व जल बचाव पथक निवडा.|অ্যাম্বুল্যান্স ও জল উদ্ধার দল বাছুন।|એમ્બ્યુલન્સ અને જળ બચાવ ટીમ પસંદ કરો.|ਐਂਬੂਲੈਂਸ ਅਤੇ ਪਾਣੀ ਬਚਾਅ ਟੀਮ ਚੁਣੋ।|ایمبولینس اور آبی بچاؤ ٹیم منتخب کریں۔|এম্বুলেন্স আৰু জল উদ্ধাৰ দল বাছক।|ଆମ୍ବୁଲାନ୍ସ ଓ ଜଳ ଉଦ୍ଧାର ଦଳ ବାଛନ୍ତୁ।
rejectHelp|नई रवानगी नहीं होगी। मौजूदा कार्य जारी रहेंगे।|ಹೊಸ ರವಾನೆ ಆಗುವುದಿಲ್ಲ. ಈಗಿನ ಕೆಲಸಗಳು ಮುಂದುವರಿಯುತ್ತವೆ.|புதிய அனுப்புதல் இல்லை. தற்போதைய பணிகள் தொடரும்.|కొత్త పంపిణీ ఉండదు. ప్రస్తుత పనులు కొనసాగుతాయి.|പുതിയ നിയോഗമില്ല. നിലവിലെ ജോലികൾ തുടരും.|नवी रवानगी होणार नाही. चालू कामे सुरू राहतील.|নতুন দল পাঠানো হবে না। চলমান কাজ চলবে।|નવી રવાનગી નહીં થાય. હાલનાં કામ ચાલુ રહેશે.|ਨਵੀਂ ਰਵਾਨਗੀ ਨਹੀਂ ਹੋਵੇਗੀ। ਚੱਲਦੇ ਕੰਮ ਜਾਰੀ ਰਹਿਣਗੇ।|نئی روانگی نہیں ہوگی۔ موجودہ کام جاری رہیں گے۔|নতুন দল প্ৰেৰণ নহয়। চলিত কাম চলি থাকিব।|ନୂତନ ଦଳ ପଠାଯିବ ନାହିଁ। ଚାଲୁ କାମ ଜାରି ରହିବ।
timeline|परिचालन समयरेखा|ಕಾರ್ಯಾಚರಣೆ ಕಾಲರೇಖೆ|செயல்பாட்டுக் காலவரிசை|కార్యాచరణ కాలక్రమం|പ്രവർത്തന സമയരേഖ|कार्यवाही कालरेषा|কার্যক্রমের সময়রেখা|કાર્યકારી સમયરેખા|ਕਾਰਵਾਈ ਸਮਾਂਰੇਖਾ|عملی زمانی ترتیب|কাৰ্যকলাপৰ সময়ৰেখা|କାର୍ଯ୍ୟକଳାପ ସମୟରେଖା
source|स्रोत|ಮೂಲ|மூலம்|మూలం|ഉറവിടം|स्रोत|উৎস|સ્રોત|ਸਰੋਤ|ذریعہ|উৎস|ଉତ୍ସ
latest|नवीनतम पहले|ಹೊಸದು ಮೊದಲು|புதியது முதலில்|కొత్తవి ముందు|പുതിയത് ആദ്യം|नवीन प्रथम|সাম্প্রতিক আগে|નવું પ્રથમ|ਨਵਾਂ ਪਹਿਲਾਂ|تازہ ترین پہلے|নতুন প্ৰথমে|ନୂତନ ପ୍ରଥମେ
intake|रिपोर्ट प्राप्ति|ವರದಿ ಸ್ವೀಕೃತಿ|அறிக்கை பெறுதல்|నివేదిక స్వీకరణ|റിപ്പോർട്ട് സ്വീകരണം|अहवाल प्राप्ती|প্রতিবেদন গ্রহণ|અહેવાલ સ્વીકાર|ਰਿਪੋਰਟ ਪ੍ਰਾਪਤੀ|رپورٹ وصولی|প্ৰতিবেদন গ্ৰহণ|ରିପୋର୍ଟ ଗ୍ରହଣ
coordinator|समन्वयक|ಸಂಯೋಜಕ|ஒருங்கிணைப்பாளர்|సమన్వయకర్త|ഏകോപകൻ|समन्वयक|সমন্বয়কারী|સંયોજક|ਕੋਆਰਡੀਨੇਟਰ|رابطہ کار|সমন্বয়ক|ସମନ୍ୱୟକାରୀ
automation|स्वचालन|ಸ್ವಯಂಚಾಲನೆ|தானியக்கம்|స్వయంచాలక వ్యవస్థ|ഓട്ടോമേഷൻ|स्वयंचलन|স্বয়ংক্রিয়তা|સ્વચાલન|ਸਵੈਚਾਲਨ|خودکاری|স্বয়ংক্ৰিয়তা|ସ୍ୱୟଂଚାଳନ
demo|डेमो नियंत्रण|ಡೆಮೊ ನಿಯಂತ್ರಣ|செயல்விளக்கக் கட்டுப்பாடு|డెమో నియంత్రణ|ഡെമോ നിയന്ത്രണം|डेमो नियंत्रण|ডেমো নিয়ন্ত্রণ|ડેમો નિયંત્રણ|ਡੈਮੋ ਕੰਟਰੋਲ|ڈیمو کنٹرول|ডেমো নিয়ন্ত্ৰণ|ଡେମୋ ନିୟନ୍ତ୍ରଣ
run|डेमो चलाएँ|ಡೆಮೊ ಚಲಾಯಿಸಿ|செயல்விளக்கத்தை இயக்கு|డెమో ప్రారంభించు|ഡെമോ പ്രവർത്തിപ്പിക്കുക|डेमो चालवा|ডেমো চালান|ડેમો ચલાવો|ਡੈਮੋ ਚਲਾਓ|ڈیمو چلائیں|ডেমো চলাওক|ଡେମୋ ଚଲାନ୍ତୁ
pause|डेमो रोकें|ಡೆಮೊ ವಿರಾಮ|செயல்விளக்கத்தை இடைநிறுத்து|డెమో ఆపు|ഡെമോ നിർത്തുക|डेमो थांबवा|ডেমো থামান|ડેમો રોકો|ਡੈਮੋ ਰੋਕੋ|ڈیمو روکیں|ডেমো ৰখাওক|ଡେମୋ ରୋକନ୍ତୁ
reset|डेमो रीसेट|ಡೆಮೊ ಮರುಹೊಂದಿಸಿ|செயல்விளக்கத்தை மீட்டமை|డెమో రీసెట్|ഡെമോ പുനഃക്രമീകരിക്കുക|डेमो रीसेट|ডেমো রিসেট|ડેમો રીસેટ|ਡੈਮੋ ਰੀਸੈੱਟ|ڈیمو ری سیٹ|ডেমো ৰিছেট|ଡେମୋ ରିସେଟ୍
running|डेमो जारी|ಡೆಮೊ ನಡೆಯುತ್ತಿದೆ|செயல்விளக்கம் இயங்குகிறது|డెమో నడుస్తోంది|ഡെമോ പ്രവർത്തിക്കുന്നു|डेमो सुरू|ডেমো চলছে|ડેમો ચાલુ|ਡੈਮੋ ਚੱਲ ਰਿਹਾ|ڈیمو جاری|ডেমো চলিছে|ଡେମୋ ଚାଲୁଛି
complete|डेमो पूरा|ಡೆಮೊ ಪೂರ್ಣ|செயல்விளக்கம் நிறைவு|డెమో పూర్తయింది|ഡെമോ പൂർത്തിയായി|डेमो पूर्ण|ডেমো সম্পূর্ণ|ડેમો પૂર્ણ|ਡੈਮੋ ਪੂਰਾ|ڈیمو مکمل|ডেমো সম্পূৰ্ণ|ଡେମୋ ସମ୍ପୂର୍ଣ୍ଣ
ready|डेमो तैयार|ಡೆಮೊ ಸಿದ್ಧ|செயல்விளக்கம் தயார்|డెమో సిద్ధం|ഡെമോ തയ്യാറാണ്|डेमो तयार|ডেমো প্রস্তুত|ડેમો તૈયાર|ਡੈਮੋ ਤਿਆਰ|ڈیمو تیار|ডেমো সাজু|ଡେମୋ ପ୍ରସ୍ତୁତ
next|अगला चरण|ಮುಂದಿನ ಹಂತ|அடுத்த படி|తదుపరి దశ|അടുത്ത ഘട്ടം|पुढील टप्पा|পরের ধাপ|આગલું પગલું|ਅਗਲਾ ਕਦਮ|اگلا مرحلہ|পৰৱৰ্তী ধাপ|ପରବର୍ତ୍ତୀ ପଦକ୍ଷେପ
scenario|स्थिति का अनुकरण|ಸ್ಥಿತಿ ಅನುಕರಣೆ|நிலை ஒத்திகை|స్థితి అనుకరణ|സ്ഥിതി അനുകരണം|स्थितीचे अनुकरण|অবস্থার অনুকরণ|સ્થિતિનું અનુકરણ|ਸਥਿਤੀ ਸਿਮੂਲੇਸ਼ਨ|حالت کی مشق|অৱস্থাৰ অনুকৰণ|ସ୍ଥିତି ଅନୁକରଣ
normal|सामान्य|ಸಾಮಾನ್ಯ|சாதாரண|సాధారణం|സാധാരണ|सामान्य|স্বাভাবিক|સામાન્ય|ਆਮ|معمول|স্বাভাৱিক|ସାଧାରଣ
failure|विफलता|ವಿಫಲತೆ|தோல்வி|వైఫల్యం|പരാജയം|अपयश|ব্যর্থতা|નિષ્ફળતા|ਅਸਫਲਤਾ|ناکامی|বিফলতা|ବିଫଳତା
offline|ऑफ़लाइन|ಆಫ್‌ಲೈನ್|இணைப்பில்லை|ఆఫ్‌లైన్|ഓഫ്‌ലൈൻ|ऑफलाइन|অফলাইন|ઑફલાઇન|ਆਫਲਾਈਨ|آف لائن|অফলাইন|ଅଫ୍‌ଲାଇନ୍
stale|पुराना डेटा|ಹಳೆಯ ದತ್ತಾಂಶ|பழைய தரவு|పాత డేటా|പഴയ വിവരങ്ങൾ|जुनी माहिती|পুরনো তথ্য|જૂની માહિતી|ਪੁਰਾਣਾ ਡਾਟਾ|پرانی معلومات|পুৰণি তথ্য|ପୁରୁଣା ତଥ୍ୟ
loading|लोड हो रहा है…|ಲೋಡ್ ಆಗುತ್ತಿದೆ…|ஏற்றுகிறது…|లోడ్ అవుతోంది…|ലോഡ് ചെയ്യുന്നു…|लोड होत आहे…|লোড হচ্ছে…|લોડ થઈ રહ્યું છે…|ਲੋਡ ਹੋ ਰਿਹਾ…|لوڈ ہو رہا ہے…|লোড হৈছে…|ଲୋଡ୍ ହେଉଛି…
none|कोई नहीं|ಯಾವುದೂ ಇಲ್ಲ|எதுவுமில்லை|ఏదీ లేదు|ഒന്നുമില്ല|काही नाही|কিছু নেই|કંઈ નથી|ਕੋਈ ਨਹੀਂ|کوئی نہیں|একো নাই|କିଛି ନାହିଁ
select|घटना चुनें|ಘಟನೆ ಆಯ್ಕೆಮಾಡಿ|சம்பவத்தைத் தேர்ந்தெடு|ఘటనను ఎంచుకోండి|സംഭവം തിരഞ്ഞെടുക്കുക|घटना निवडा|ঘটনা বাছুন|ઘટના પસંદ કરો|ਘਟਨਾ ਚੁਣੋ|واقعہ منتخب کریں|ঘটনা বাছক|ଘଟଣା ବାଛନ୍ତୁ
changed|योजना बदली है; पुनः देखें।|ಯೋಜನೆ ಬದಲಾಗಿದೆ; ಪರಿಶೀಲಿಸಿ.|திட்டம் மாறியது; மீண்டும் பார்க்கவும்.|ప్రణాళిక మారింది; సమీక్షించండి.|പദ്ധതി മാറി; പരിശോധിക്കുക.|योजना बदलली; पुन्हा तपासा.|পরিকল্পনা বদলেছে; দেখুন।|યોજના બદલાઈ; ફરી જુઓ.|ਯੋਜਨਾ ਬਦਲੀ; ਮੁੜ ਦੇਖੋ।|منصوبہ بدل گیا؛ جائزہ لیں۔|পৰিকল্পনা সলনি; পৰীক্ষা কৰক।|ଯୋଜନା ବଦଳିଛି; ଯାଞ୍ଚ କରନ୍ତୁ।
previous|पहले पिछला चरण पूरा करें।|ಮೊದಲು ಹಿಂದಿನ ಹಂತ ಪೂರ್ಣಗೊಳಿಸಿ.|முந்தைய படியை முடிக்கவும்.|ముందు గత దశ పూర్తి చేయండి.|മുൻ ഘട്ടം പൂർത്തിയാക്കുക.|आधी मागील टप्पा पूर्ण करा.|আগের ধাপ শেষ করুন।|પહેલાં અગાઉનું પગલું પૂર્ણ કરો.|ਪਹਿਲਾਂ ਪਿਛਲਾ ਕਦਮ ਪੂਰਾ ਕਰੋ।|پہلے پچھلا مرحلہ مکمل کریں۔|আগৰ ধাপ সম্পূৰ্ণ কৰক।|ପ୍ରଥମେ ପୂର୍ବ ପଦକ୍ଷେପ ସମ୍ପୂର୍ଣ୍ଣ କରନ୍ତୁ।
saved|बदलाव सहेजे गए|ಬದಲಾವಣೆ ಉಳಿಸಲಾಗಿದೆ|மாற்றங்கள் சேமிக்கப்பட்டன|మార్పులు భద్రపరచబడ్డాయి|മാറ്റങ്ങൾ സംരക്ഷിച്ചു|बदल जतन केले|পরিবর্তন সংরক্ষিত|ફેરફારો સાચવ્યા|ਤਬਦੀਲੀਆਂ ਸੁਰੱਖਿਅਤ|تبدیلیاں محفوظ|পৰিৱৰ্তন সংৰক্ষিত|ପରିବର୍ତ୍ତନ ସଞ୍ଚିତ
